Марка;Цена в USD;Цена в UAH;Ссылка;Двигатель;Город;Телефон
Subaru Forester 2019;35 563 $;962 126 грн;https://auto.ria.com/newauto/auto-subaru-forester-1778821.html; Бензин 2.5 л ;Херсон;(050) 403 83 68
Subaru Forester 2019;33 008 $;893 000 грн;https://auto.ria.com/newauto/auto-subaru-forester-1796944.html; Бензин 2.5 л ;Херсон;(050) 403 83 68
Subaru XV 2019;25 870 $;699 900 грн;https://auto.ria.com/newauto/auto-subaru-xv-1697495.html; Бензин 2.0 л ;Херсон;(050) 403 83 68
Subaru XV 2019;29 069 $;786 450 грн;https://auto.ria.com/newauto/auto-subaru-xv-1833279.html; Бензин 2.0 л ;Киев;(063) 818 07 45
Subaru Forester 2020;35 198 $;952 500 грн;https://auto.ria.com/newauto/auto-subaru-forester-1818938.html; Бензин 2.5 л ;Киев;(063) 818 07 45
Subaru Forester 2020;27 101 $;733 200 грн;https://auto.ria.com/newauto/auto-subaru-forester-1819610.html; Бензин 2.0 л ;Киев;(063) 818 07 45
Subaru Outback 2020;38 797 $;1 050 000 грн;https://auto.ria.com/newauto/auto-subaru-outback-1723498.html; Бензин 2.5 л ;Херсон;(050) 403 83 68
Subaru XV 2019;25 861 $;699 900 грн;https://auto.ria.com/newauto/auto-subaru-xv-1723270.html; Бензин 2.0 л ;Херсон;(050) 403 83 68
Subaru XV 2019;25 353 $;685 902 грн;https://auto.ria.com/newauto/auto-subaru-xv-1760794.html; Бензин 2.0 л ;Киев;(067) 219 25 99
Subaru XV 2020;31 038 $;840 000 грн;https://auto.ria.com/newauto/auto-subaru-xv-1752356.html; Бензин 2.0 л ;Киев;(063) 818 07 45
Subaru Forester 2019;35 563 $;962 126 грн;https://auto.ria.com/newauto/auto-subaru-forester-1778821.html; Бензин 2.5 л ;Херсон;(050) 403 83 68
Subaru Forester 2019;33 008 $;893 000 грн;https://auto.ria.com/newauto/auto-subaru-forester-1796944.html; Бензин 2.5 л ;Херсон;(050) 403 83 68
Subaru XV 2019;25 870 $;699 900 грн;https://auto.ria.com/newauto/auto-subaru-xv-1697495.html; Бензин 2.0 л ;Херсон;(050) 403 83 68
Subaru XV 2019;29 069 $;786 450 грн;https://auto.ria.com/newauto/auto-subaru-xv-1833279.html; Бензин 2.0 л ;Киев;(063) 818 07 45
Subaru Forester 2020;35 198 $;952 500 грн;https://auto.ria.com/newauto/auto-subaru-forester-1818938.html; Бензин 2.5 л ;Киев;(063) 818 07 45
Subaru Forester 2020;27 101 $;733 200 грн;https://auto.ria.com/newauto/auto-subaru-forester-1819610.html; Бензин 2.0 л ;Киев;(063) 818 07 45
Subaru Outback 2020;38 797 $;1 050 000 грн;https://auto.ria.com/newauto/auto-subaru-outback-1723498.html; Бензин 2.5 л ;Херсон;(050) 403 83 68
Subaru XV 2019;25 861 $;699 900 грн;https://auto.ria.com/newauto/auto-subaru-xv-1723270.html; Бензин 2.0 л ;Херсон;(050) 403 83 68
Subaru XV 2019;25 353 $;685 902 грн;https://auto.ria.com/newauto/auto-subaru-xv-1760794.html; Бензин 2.0 л ;Киев;(067) 219 25 99
Subaru XV 2020;31 038 $;840 000 грн;https://auto.ria.com/newauto/auto-subaru-xv-1752356.html; Бензин 2.0 л ;Киев;(063) 818 07 45
Subaru Forester 2019;35 563 $;962 126 грн;https://auto.ria.com/newauto/auto-subaru-forester-1778821.html; Бензин 2.5 л ;Херсон;(050) 403 83 68
Subaru Forester 2019;33 008 $;893 000 грн;https://auto.ria.com/newauto/auto-subaru-forester-1796944.html; Бензин 2.5 л ;Херсон;(050) 403 83 68
Subaru XV 2019;25 870 $;699 900 грн;https://auto.ria.com/newauto/auto-subaru-xv-1697495.html; Бензин 2.0 л ;Херсон;(050) 403 83 68
Subaru XV 2019;29 069 $;786 450 грн;https://auto.ria.com/newauto/auto-subaru-xv-1833279.html; Бензин 2.0 л ;Киев;(063) 818 07 45
Subaru Forester 2020;35 198 $;952 500 грн;https://auto.ria.com/newauto/auto-subaru-forester-1818938.html; Бензин 2.5 л ;Киев;(063) 818 07 45
Subaru Forester 2020;27 101 $;733 200 грн;https://auto.ria.com/newauto/auto-subaru-forester-1819610.html; Бензин 2.0 л ;Киев;(063) 818 07 45
Subaru Outback 2020;38 797 $;1 050 000 грн;https://auto.ria.com/newauto/auto-subaru-outback-1723498.html; Бензин 2.5 л ;Херсон;(050) 403 83 68
Subaru XV 2019;25 861 $;699 900 грн;https://auto.ria.com/newauto/auto-subaru-xv-1723270.html; Бензин 2.0 л ;Херсон;(050) 403 83 68
Subaru XV 2019;25 353 $;685 902 грн;https://auto.ria.com/newauto/auto-subaru-xv-1760794.html; Бензин 2.0 л ;Киев;(067) 219 25 99
Subaru XV 2020;31 038 $;840 000 грн;https://auto.ria.com/newauto/auto-subaru-xv-1752356.html; Бензин 2.0 л ;Киев;(063) 818 07 45
Subaru Forester 2019;35 563 $;962 126 грн;https://auto.ria.com/newauto/auto-subaru-forester-1778821.html; Бензин 2.5 л ;Херсон;(050) 403 83 68
Subaru Forester 2019;33 008 $;893 000 грн;https://auto.ria.com/newauto/auto-subaru-forester-1796944.html; Бензин 2.5 л ;Херсон;(050) 403 83 68
Subaru XV 2019;25 870 $;699 900 грн;https://auto.ria.com/newauto/auto-subaru-xv-1697495.html; Бензин 2.0 л ;Херсон;(050) 403 83 68
Subaru XV 2019;29 069 $;786 450 грн;https://auto.ria.com/newauto/auto-subaru-xv-1833279.html; Бензин 2.0 л ;Киев;(063) 818 07 45
Subaru Forester 2020;35 198 $;952 500 грн;https://auto.ria.com/newauto/auto-subaru-forester-1818938.html; Бензин 2.5 л ;Киев;(063) 818 07 45
Subaru Forester 2020;27 101 $;733 200 грн;https://auto.ria.com/newauto/auto-subaru-forester-1819610.html; Бензин 2.0 л ;Киев;(063) 818 07 45
Subaru Outback 2020;38 797 $;1 050 000 грн;https://auto.ria.com/newauto/auto-subaru-outback-1723498.html; Бензин 2.5 л ;Херсон;(050) 403 83 68
Subaru XV 2019;25 861 $;699 900 грн;https://auto.ria.com/newauto/auto-subaru-xv-1723270.html; Бензин 2.0 л ;Херсон;(050) 403 83 68
Subaru XV 2019;25 353 $;685 902 грн;https://auto.ria.com/newauto/auto-subaru-xv-1760794.html; Бензин 2.0 л ;Киев;(067) 219 25 99
Subaru XV 2020;31 038 $;840 000 грн;https://auto.ria.com/newauto/auto-subaru-xv-1752356.html; Бензин 2.0 л ;Киев;(063) 818 07 45
Subaru Forester 2019;35 563 $;962 126 грн;https://auto.ria.com/newauto/auto-subaru-forester-1778821.html; Бензин 2.5 л ;Херсон;(050) 403 83 68
Subaru Forester 2019;33 008 $;893 000 грн;https://auto.ria.com/newauto/auto-subaru-forester-1796944.html; Бензин 2.5 л ;Херсон;(050) 403 83 68
Subaru XV 2019;25 870 $;699 900 грн;https://auto.ria.com/newauto/auto-subaru-xv-1697495.html; Бензин 2.0 л ;Херсон;(050) 403 83 68
Subaru XV 2019;29 069 $;786 450 грн;https://auto.ria.com/newauto/auto-subaru-xv-1833279.html; Бензин 2.0 л ;Киев;(063) 818 07 45
Subaru Forester 2020;35 198 $;952 500 грн;https://auto.ria.com/newauto/auto-subaru-forester-1818938.html; Бензин 2.5 л ;Киев;(063) 818 07 45
Subaru Forester 2020;27 101 $;733 200 грн;https://auto.ria.com/newauto/auto-subaru-forester-1819610.html; Бензин 2.0 л ;Киев;(063) 818 07 45
Subaru Outback 2020;38 797 $;1 050 000 грн;https://auto.ria.com/newauto/auto-subaru-outback-1723498.html; Бензин 2.5 л ;Херсон;(050) 403 83 68
Subaru XV 2019;25 861 $;699 900 грн;https://auto.ria.com/newauto/auto-subaru-xv-1723270.html; Бензин 2.0 л ;Херсон;(050) 403 83 68
Subaru XV 2019;25 353 $;685 902 грн;https://auto.ria.com/newauto/auto-subaru-xv-1760794.html; Бензин 2.0 л ;Киев;(067) 219 25 99
Subaru XV 2020;31 038 $;840 000 грн;https://auto.ria.com/newauto/auto-subaru-xv-1752356.html; Бензин 2.0 л ;Киев;(063) 818 07 45
Subaru Forester 2019;35 563 $;962 126 грн;https://auto.ria.com/newauto/auto-subaru-forester-1778821.html; Бензин 2.5 л ;Херсон;Телефон доступен в рабочие часы
Subaru Forester 2019;33 008 $;893 000 грн;https://auto.ria.com/newauto/auto-subaru-forester-1796944.html; Бензин 2.5 л ;Херсон;(050) 403 83 68
Subaru XV 2019;25 870 $;699 900 грн;https://auto.ria.com/newauto/auto-subaru-xv-1697495.html; Бензин 2.0 л ;Херсон;(050) 403 83 68
Subaru XV 2019;29 069 $;786 450 грн;https://auto.ria.com/newauto/auto-subaru-xv-1833279.html; Бензин 2.0 л ;Киев;(063) 818 07 45
Subaru Forester 2020;35 198 $;952 500 грн;https://auto.ria.com/newauto/auto-subaru-forester-1818938.html; Бензин 2.5 л ;Киев;(063) 818 07 45
Subaru Forester 2020;27 101 $;733 200 грн;https://auto.ria.com/newauto/auto-subaru-forester-1819610.html; Бензин 2.0 л ;Киев;(063) 818 07 45
Subaru Outback 2020;38 797 $;1 050 000 грн;https://auto.ria.com/newauto/auto-subaru-outback-1723498.html; Бензин 2.5 л ;Херсон;(050) 403 83 68
Subaru XV 2019;25 861 $;699 900 грн;https://auto.ria.com/newauto/auto-subaru-xv-1723270.html; Бензин 2.0 л ;Херсон;(050) 403 83 68
Subaru XV 2019;25 353 $;685 902 грн;https://auto.ria.com/newauto/auto-subaru-xv-1760794.html; Бензин 2.0 л ;Киев;(067) 219 25 99
Subaru XV 2020;31 038 $;840 000 грн;https://auto.ria.com/newauto/auto-subaru-xv-1752356.html; Бензин 2.0 л ;Киев;(063) 818 07 45
